{"cameraMode":{"drawMode":0,"name":"Shaded","section":"Shading Mode"},"sceneLighting":true,"audioPlay":false,"sceneViewState":{"showFog":true,"showMaterialUpdate":false,"showSkybox":true,"showFlares":true,"showImageEffects":true,"showParticleSystems":true},"in2DMode":false,"pivot":{"x":306.7549133300781,"y":34.25714111328125,"z":149.4293212890625},"rotation":{"x":-0.0766855776309967,"y":-0.6465263962745667,"z":0.0616132952272892,"w":-0.7565228939056397},"size":94.13670349121094,"orthographic":false}