{"cameraMode":{"drawMode":0,"name":"Shaded","section":"Shading Mode"},"sceneLighting":true,"audioPlay":false,"sceneViewState":{"showFog":true,"showMaterialUpdate":false,"showSkybox":true,"showFlares":true,"showImageEffects":true,"showParticleSystems":true},"in2DMode":false,"pivot":{"x":239.2519073486328,"y":7.4757184982299809,"z":158.0010223388672},"rotation":{"x":0.11307435482740402,"y":0.8075598478317261,"z":-0.16454121470451356,"w":0.5549662113189697},"size":64.13256072998047,"orthographic":true}