{"cameraMode":{"drawMode":0,"name":"Shaded","section":"Shading Mode"},"sceneLighting":true,"audioPlay":false,"sceneViewState":{"showFog":true,"showMaterialUpdate":false,"showSkybox":true,"showFlares":true,"showImageEffects":true,"showParticleSystems":true},"in2DMode":false,"pivot":{"x":364.2005615234375,"y":61.08399963378906,"z":208.0892333984375},"rotation":{"x":-0.15690700709819795,"y":0.6797704100608826,"z":-0.15237291157245637,"w":-0.7000535130500794},"size":32.73981857299805,"orthographic":true}